Metric,Score
Accuracy,0.9603960396039604
Precision,0.9603960396039604
Recall,1.0
F1-Score,0.9797979797979798
ROC-AUC,0.9297680412371134
